id,URL,title
UC-M0Poxo4VXMxdIzinqWOig,http://www.youtube.com/channel/UC-M0Poxo4VXMxdIzinqWOig,瀬戸乃とと
UC0HX1e5jJnhN5Xn0epV2wzA,http://www.youtube.com/channel/UC0HX1e5jJnhN5Xn0epV2wzA,MEDA
UC1nqXaKzG4hd1SRFVra16gw,http://www.youtube.com/channel/UC1nqXaKzG4hd1SRFVra16gw,焔魔るり
UC2daHxnuJJBM5NWci1RRkeA,http://www.youtube.com/channel/UC2daHxnuJJBM5NWci1RRkeA,深影
UC7XCjKxBEct0uAukpQXNFPw,http://www.youtube.com/channel/UC7XCjKxBEct0uAukpQXNFPw,HACHI
UC80TduEq6Sp4n2DkiUH2eLQ,http://www.youtube.com/channel/UC80TduEq6Sp4n2DkiUH2eLQ,Diα
UC8TVZmQuOl0GNbpvThwwSdQ,http://www.youtube.com/channel/UC8TVZmQuOl0GNbpvThwwSdQ,wouca
UCAplyWK80Y6_YTkb3CCDk1Q,http://www.youtube.com/channel/UCAplyWK80Y6_YTkb3CCDk1Q,水瀬凪
UCFBc8kuCtTwmtdsBcJoZ3qA,http://www.youtube.com/channel/UCFBc8kuCtTwmtdsBcJoZ3qA,妃玖
UCFWD2vvDJqjimIzhjEvogNQ,http://www.youtube.com/channel/UCFWD2vvDJqjimIzhjEvogNQ,NEUN
UCgPGVORhti-KKcV4CqUyumQ,http://www.youtube.com/channel/UCgPGVORhti-KKcV4CqUyumQ,XIDEN
UCjoGLVLapRciX38bwgDtttw,http://www.youtube.com/channel/UCjoGLVLapRciX38bwgDtttw,羽緒
UCn1Zf28m6WbhMDjMjdIjOIA,http://www.youtube.com/channel/UCn1Zf28m6WbhMDjMjdIjOIA,CULUA
UCnKt20HH_BiuID0FDHGMcvw,http://www.youtube.com/channel/UCnKt20HH_BiuID0FDHGMcvw,IMI
UCqYXJ5M55HWE6zyvl6rjIaA,http://www.youtube.com/channel/UCqYXJ5M55HWE6zyvl6rjIaA,ヨノ
UCw0ty0mpHBx6xZt-K_hfNcA,http://www.youtube.com/channel/UCw0ty0mpHBx6xZt-K_hfNcA,LEWNE