id,URL,title
UC6bD0BolIyRtVCXL0SKn8Yw,http://www.youtube.com/channel/UC6bD0BolIyRtVCXL0SKn8Yw,天晴ほかる
UC8xsCroRQKmQt0rXKuYQQyw,http://www.youtube.com/channel/UC8xsCroRQKmQt0rXKuYQQyw,栃宮るりは
UCJSglVBagnVoCD82MsBlmDA,http://www.youtube.com/channel/UCJSglVBagnVoCD82MsBlmDA,山奈しずく
UCJmDBePNXeLgzP9gcrdXjWA,http://www.youtube.com/channel/UCJmDBePNXeLgzP9gcrdXjWA,竜瞳ミリュ
UCSWkUurjlKM39CnS1hnfE_Q,http://www.youtube.com/channel/UCSWkUurjlKM39CnS1hnfE_Q,木乃華サクヤ
UCZoPxlGeDKOmsOt-DnQe5tg,http://www.youtube.com/channel/UCZoPxlGeDKOmsOt-DnQe5tg,房総なの
UCkd3H8yZEXxZSGSOmxeHxrg,http://www.youtube.com/channel/UCkd3H8yZEXxZSGSOmxeHxrg,歩音ティナ
UCygtb6wTyiSxXYHPAHs3UKA,http://www.youtube.com/channel/UCygtb6wTyiSxXYHPAHs3UKA,日向海フェニカ
UCgtiP3tTIO7-Yn0y_W1s4Cw,http://www.youtube.com/channel/UCgtiP3tTIO7-Yn0y_W1s4Cw,ユニバースプロダクション
